{"stat.flyOneCm":68198,"stat.walkOneCm":43614,"stat.drop":3,"stat.jump":102,"stat.killEntity.EntityHorse":10,"stat.swimOneCm":170,"stat.playOneMinute":32253,"achievement.openInventory":16,"stat.leaveGame":1,"stat.killEntity.Rabbit":1,"stat.crouchOneCm":1804,"stat.timeSinceDeath":32253,"stat.killEntity.Cow":1,"stat.sprintOneCm":3282,"stat.mobKills":17,"stat.killEntity.Pig":5,"achievement.exploreAllBiomes":{"value":0,"progress":["Sunflower Plains","FrozenRiver","Ice Plains","Forest","River","Plains","Ice Plains Spikes"]},"stat.diveOneCm":1096}