{"stat.flyOneCm":196336,"stat.killEntity.Skeleton":1,"stat.walkOneCm":17597,"stat.drop":1,"stat.jump":40,"stat.swimOneCm":126,"stat.playOneMinute":43991,"achievement.openInventory":28,"stat.crouchOneCm":106,"stat.killEntity.Zombie":2,"stat.timeSinceDeath":43991,"stat.useItem.minecraft.dirt":2,"stat.sprintOneCm":2289,"stat.mobKills":13,"stat.useItem.minecraft.crafting_table":1,"achievement.exploreAllBiomes":{"value":0,"progress":["Birch Forest Hills","Roofed Forest","Birch Forest","River","Forest","Plains"]},"stat.killEntity.Creeper":1,"stat.diveOneCm":290}