{"stat.walkOneCm":88050,"stat.leaveGame":1,"stat.killEntity.Creeper":1,"stat.jump":214,"stat.swimOneCm":2196,"stat.fallOneCm":12890,"stat.sprintOneCm":37298,"achievement.exploreAllBiomes":{"value":0,"progress":["Beach","Extreme Hills+","Ocean","River","Taiga","Extreme Hills","TaigaHills","Extreme Hills+ M"]},"stat.killEntity.Skeleton":1,"achievement.openInventory":64,"stat.killEntity.Chicken":1,"stat.damageTaken":430,"stat.killEntity.Spider":1,"stat.mobKills":9,"stat.flyOneCm":116258,"stat.deaths":1,"stat.playOneMinute":43096,"stat.useItem.minecraft.cooked_beef":2,"stat.killEntity.Rabbit":2,"stat.killEntity.Zombie":1,"stat.timeSinceDeath":36020,"stat.killEntity.Cow":1,"stat.killEntity.Pig":1,"stat.diveOneCm":5087}