{"stat.useItem.minecraft.command_block":2,"stat.flyOneCm":12497,"stat.walkOneCm":52413,"stat.useItem.minecraft.spruce_door":1,"stat.jump":83,"stat.playOneMinute":10512,"achievement.openInventory":25,"stat.fallOneCm":4922,"stat.leaveGame":1,"stat.damageTaken":180,"stat.useItem.minecraft.comparator":2,"stat.crouchOneCm":84,"stat.timeSinceDeath":10512,"stat.useItem.minecraft.hopper":3,"stat.useItem.minecraft.dirt":16,"stat.sprintOneCm":33431,"stat.mineBlock.minecraft.dirt":1,"achievement.exploreAllBiomes":{"value":0,"progress":["Taiga","TaigaHills"]},"stat.useItem.minecraft.potion":6}