{"stat.flyOneCm":3709,"stat.walkOneCm":17744,"stat.jump":59,"stat.useItem.minecraft.sand":1,"stat.swimOneCm":346,"stat.playOneMinute":3703,"stat.fallOneCm":2194,"achievement.openInventory":4,"stat.useItem.minecraft.cooked_beef":3,"stat.leaveGame":1,"stat.damageTaken":40,"stat.crouchOneCm":26,"stat.timeSinceDeath":3703,"stat.sprintOneCm":4707,"stat.mobKills":1,"stat.killEntity.Pig":1,"achievement.exploreAllBiomes":{"value":0,"progress":["Beach","River","Taiga","TaigaHills"]},"stat.diveOneCm":862,"stat.useItem.minecraft.potion":14}