{"stat.flyOneCm":56961,"stat.walkOneCm":115197,"stat.jump":193,"stat.swimOneCm":8413,"stat.playOneMinute":17375,"achievement.openInventory":25,"stat.fallOneCm":3785,"stat.killEntity.Chicken":2,"stat.leaveGame":1,"stat.damageTaken":150,"stat.killEntity.Spider":1,"stat.killEntity.Rabbit":1,"stat.killEntity.Zombie":3,"stat.timeSinceDeath":17375,"stat.sprintOneCm":29839,"stat.mobKills":9,"achievement.exploreAllBiomes":{"value":0,"progress":["Beach","River","Ocean","Taiga","TaigaHills"]},"stat.killEntity.Creeper":2,"stat.diveOneCm":3933}