{"stat.flyOneCm":312098,"stat.deaths":1,"stat.walkOneCm":178933,"stat.jump":291,"stat.swimOneCm":6348,"stat.playOneMinute":34162,"stat.fallOneCm":2388,"achievement.openInventory":49,"stat.useItem.minecraft.egg":1,"stat.killEntity.Chicken":2,"stat.leaveGame":1,"stat.damageTaken":20,"stat.killEntity.Spider":2,"stat.useItem.minecraft.rabbit":1,"stat.damageDealt":65,"stat.killEntity.Zombie":4,"stat.timeSinceDeath":28318,"stat.killEntity.Cow":1,"stat.useItem.minecraft.dirt":1,"stat.sprintOneCm":73418,"stat.mobKills":9,"achievement.exploreAllBiomes":{"value":0,"progress":["Beach","Ocean","River","Taiga","Extreme Hills","TaigaHills"]},"stat.diveOneCm":8616}