{"stat.killEntity.Skeleton":2,"stat.walkOneCm":31220,"achievement.openInventory":14,"stat.leaveGame":3,"stat.damageTaken":574,"stat.mobKills":4,"stat.entityKilledBy.Creeper":1,"stat.useItem.minecraft.potion":8,"stat.flyOneCm":14815,"stat.deaths":1,"stat.jump":73,"stat.playOneMinute":6395,"stat.fallOneCm":1308,"stat.useItem.minecraft.cooked_beef":1,"stat.crouchOneCm":34,"stat.killEntity.Zombie":1,"stat.timeSinceDeath":3234,"stat.sprintOneCm":4857,"stat.killEntity.Pig":1,"achievement.exploreAllBiomes":{"value":0,"progress":["Beach","River","Taiga","TaigaHills"]}}