{"stat.flyOneCm":58928,"stat.killEntity.Skeleton":2,"stat.walkOneCm":138454,"stat.jump":192,"stat.swimOneCm":8784,"stat.playOneMinute":20232,"achievement.openInventory":26,"stat.fallOneCm":3548,"stat.killEntity.Chicken":5,"stat.leaveGame":1,"stat.damageTaken":160,"stat.killEntity.Spider":1,"stat.crouchOneCm":147,"stat.killEntity.Zombie":3,"stat.timeSinceDeath":20232,"stat.killEntity.Squid":1,"stat.sprintOneCm":56991,"stat.mobKills":12,"achievement.exploreAllBiomes":{"value":0,"progress":["Beach","Taiga","TaigaHills"]},"stat.diveOneCm":694}