{"stat.walkOneCm":34332,"stat.useItem.minecraft.lever":2,"stat.useItem.minecraft.stone":12,"stat.useItem.minecraft.pumpkin":2,"stat.leaveGame":2,"stat.jump":89,"stat.swimOneCm":1204,"stat.useItem.minecraft.sand":4,"stat.useItem.minecraft.snow":5,"stat.fallOneCm":564,"stat.crouchOneCm":46,"stat.mineBlock.minecraft.lever":1,"stat.sprintOneCm":4867,"achievement.exploreAllBiomes":{"value":0,"progress":["Beach","River","Taiga"]},"stat.killEntity.Skeleton":1,"stat.useItem.minecraft.dispenser":1,"achievement.openInventory":13,"stat.damageTaken":222,"stat.mobKills":1,"stat.flyOneCm":7303,"stat.mineBlock.minecraft.sand":1,"stat.playOneMinute":10647,"stat.damageDealt":10,"stat.timeSinceDeath":10647,"stat.useItem.minecraft.spawn_egg":1,"stat.diveOneCm":3250}