{"stat.flyOneCm":67927,"stat.killEntity.Skeleton":3,"stat.deaths":1,"stat.walkOneCm":99277,"stat.jump":179,"stat.swimOneCm":2007,"stat.playOneMinute":8611,"achievement.openInventory":2,"stat.fallOneCm":9213,"stat.killEntity.Sheep":1,"stat.killEntity.Chicken":5,"stat.leaveGame":1,"stat.entityKilledBy.Skeleton":1,"stat.damageTaken":440,"stat.killEntity.Spider":2,"stat.killEntity.Rabbit":2,"stat.killEntity.Zombie":8,"stat.timeSinceDeath":843,"stat.sprintOneCm":44880,"stat.mobKills":27,"achievement.exploreAllBiomes":{"value":0,"progress":["Beach","Taiga","Extreme Hills","TaigaHills"]},"stat.killEntity.Creeper":6,"stat.diveOneCm":606}